"kode","kota","propinsi","region"
"1","Aceh Barat","NAD Aceh","Region 6"
"2","Aceh Barat Daya","NAD Aceh","Region 6"
"3","Aceh Besar","NAD Aceh","Region 6"
"4","Aceh Jaya","NAD Aceh","Region 6"
"5","Aceh Selatan","NAD Aceh","Region 6"
"6","Aceh Singkil","NAD Aceh","Region 6"
"7","Aceh Tamiang","NAD Aceh","Region 6"
"8","Aceh Tengah","NAD Aceh","Region 6"
"9","Aceh Tenggara","NAD Aceh","Region 6"
"10","Aceh Timur","NAD Aceh","Region 6"
"11","Aceh Utara","NAD Aceh","Region 6"
"12","Bener Meriah","NAD Aceh","Region 6"
"13","Bireuen","NAD Aceh","Region 6"
"14","Gayo Lues","NAD Aceh","Region 6"
"15","Nagan Raya","NAD Aceh","Region 6"
"16","Pidie","NAD Aceh","Region 6"
"17","Pidie Jaya","NAD Aceh","Region 6"
"18","Simeulue","NAD Aceh","Region 6"
"19","Banda Aceh","NAD Aceh","Region 6"
"20","Langsa","NAD Aceh","Region 6"
"21","Lhokseumawe","NAD Aceh","Region 6"
"22","Sabang","NAD Aceh","Region 6"
"23","Subulussalam","NAD Aceh","Region 6"
"24","Asahan","Sumatera Utara","Region 6"
"25","Batubara","Sumatera Utara","Region 6"
"26","Dairi","Sumatera Utara","Region 6"
"27","Deli Serdang","Sumatera Utara","Region 6"
"28","Humbang Hasundutan","Sumatera Utara","Region 6"
"29","Karo","Sumatera Utara","Region 6"
"30","Labuhanbatu","Sumatera Utara","Region 6"
"31","Labuhanbatu Selatan","Sumatera Utara","Region 6"
"32","Labuhanbatu Utara","Sumatera Utara","Region 6"
"33","Langkat","Sumatera Utara","Region 6"
"34","Mandailing Natal","Sumatera Utara","Region 6"
"35","Nias","Sumatera Utara","Region 6"
"36","Nias Barat","Sumatera Utara","Region 6"
"37","Nias Selatan","Sumatera Utara","Region 6"
"38","Nias Utara","Sumatera Utara","Region 6"
"39","Padang Lawas","Sumatera Utara","Region 6"
"40","Padang Lawas Utara","Sumatera Utara","Region 6"
"41","Pakpak Bharat","Sumatera Utara","Region 6"
"42","Samosir","Sumatera Utara","Region 6"
"43","Serdang Bedagai","Sumatera Utara","Region 6"
"44","Simalungun","Sumatera Utara","Region 6"
"45","Tapanuli Selatan","Sumatera Utara","Region 6"
"46","Tapanuli Tengah","Sumatera Utara","Region 6"
"47","Tapanuli Utara","Sumatera Utara","Region 6"
"48","Toba Samosir","Sumatera Utara","Region 6"
"49","Binjai","Sumatera Utara","Region 6"
"50","Gunungsitoli","Sumatera Utara","Region 6"
"51","Medan","Sumatera Utara","Region 6"
"52","Padangsidempuan","Sumatera Utara","Region 6"
"53","Pematangsiantar","Sumatera Utara","Region 6"
"54","Sibolga","Sumatera Utara","Region 6"
"55","Tanjungbalai","Sumatera Utara","Region 6"
"56","Tebing Tinggi","Sumatera Utara","Region 6"
"57","Agam","Sumatera Barat","Region 7"
"58","Dharmasraya","Sumatera Barat","Region 7"
"59","Kepulauan Mentawai","Sumatera Barat","Region 7"
"60","Lima Puluh","Sumatera Barat","Region 7"
"61","Padang Pariaman","Sumatera Barat","Region 7"
"62","Pasaman","Sumatera Barat","Region 7"
"63","Pasaman Barat","Sumatera Barat","Region 7"
"64","Pesisir Selatan","Sumatera Barat","Region 7"
"65","Sijunjung","Sumatera Barat","Region 7"
"66","Solok","Sumatera Barat","Region 7"
"67","Solok Selatan","Sumatera Barat","Region 7"
"68","Tanah Datar","Sumatera Barat","Region 7"
"69","Bukittinggi","Sumatera Barat","Region 7"
"70","Padang","Sumatera Barat","Region 7"
"71","Padangpanjang","Sumatera Barat","Region 7"
"72","Pariaman","Sumatera Barat","Region 7"
"73","Payakumbuh","Sumatera Barat","Region 7"
"74","Sawahlunto","Sumatera Barat","Region 7"
"75","Solok","Sumatera Barat","Region 7"
"76","Banyuasin","Sumatera Selatan","Region 7"
"77","Empat Lawang","Sumatera Selatan","Region 7"
"78","Lahat","Sumatera Selatan","Region 7"
"79","Muara Enim","Sumatera Selatan","Region 7"
"80","Musi Banyuasin","Sumatera Selatan","Region 7"
"81","Musi Rawas","Sumatera Selatan","Region 7"
"82","Musi Rawas Utara","Sumatera Selatan","Region 7"
"83","Ogan Ilir","Sumatera Selatan","Region 7"
"84","Ogan Komering Ilir","Sumatera Selatan","Region 7"
"85","Ogan Komering Ulu","Sumatera Selatan","Region 7"
"86","Ogan Komering Ulu Selatan","Sumatera Selatan","Region 7"
"87","Ogan Komering Ulu Timur","Sumatera Selatan","Region 7"
"88","Penukal Abab Lematang Ilir","Sumatera Selatan","Region 7"
"89","Lubuklinggau","Sumatera Selatan","Region 7"
"90","Pagar Alam","Sumatera Selatan","Region 7"
"91","Palembang","Sumatera Selatan","Region 7"
"92","Prabumulih","Sumatera Selatan","Region 7"
"93","Bengkalis","Riau","Region 7"
"94","Indragiri Hilir","Riau","Region 7"
"95","Indragiri Hulu","Riau","Region 7"
"96","Kampar","Riau","Region 7"
"97","Kepulauan Meranti","Riau","Region 7"
"98","Kuantan Singingi","Riau","Region 7"
"99","Pelalawan","Riau","Region 7"
"100","Rokan Hilir","Riau","Region 7"
"101","Rokan Hulu","Riau","Region 7"
"102","Siak","Riau","Region 7"
"103","Dumai","Riau","Region 7"
"104","Pekanbaru","Riau","Region 7"
"105","Bintan","Kepulauan Riau","Region 6"
"106","Karimun","Kepulauan Riau","Region 6"
"107","Kepulauan Anambas","Kepulauan Riau","Region 6"
"108","Lingga","Kepulauan Riau","Region 6"
"109","Natuna","Kepulauan Riau","Region 6"
"110","Batam","Kepulauan Riau","Region 6"
"111","Tanjung Pinang","Kepulauan Riau","Region 6"
"112","Batanghari","Jambi","Region 7"
"113","Bungo","Jambi","Region 7"
"114","Kerinci","Jambi","Region 7"
"115","Merangin","Jambi","Region 7"
"116","Muaro Jambi","Jambi","Region 7"
"117","Sarolangun","Jambi","Region 7"
"118","Tanjung Jabung Barat","Jambi","Region 7"
"119","Tanjung Jabung Timur","Jambi","Region 7"
"120","Tebo","Jambi","Region 7"
"121","Jambi","Jambi","Region 7"
"122","Sungai Penuh","Jambi","Region 7"
"123","Bengkulu Selatan","Bengkulu","Region 2"
"124","Bengkulu Tengah","Bengkulu","Region 2"
"125","Bengkulu Utara","Bengkulu","Region 2"
"126","Kaur","Bengkulu","Region 2"
"127","Kepahiang","Bengkulu","Region 2"
"128","Lebong","Bengkulu","Region 2"
"129","Mukomuko","Bengkulu","Region 2"
"130","Rejang Lebong","Bengkulu","Region 2"
"131","Seluma","Bengkulu","Region 2"
"132","Bengkulu","Bengkulu","Region 2"
"133","Bangka","Bangka Belitung","Region 6"
"134","Bangka Barat","Bangka Belitung","Region 6"
"135","Bangka Selatan","Bangka Belitung","Region 6"
"136","Bangka Tengah","Bangka Belitung","Region 6"
"137","Belitung","Bangka Belitung","Region 6"
"138","Belitung Timur","Bangka Belitung","Region 6"
"139","Pangkal Pinang","Bangka Belitung","Region 6"
"140","Lampung Tengah","Lampung","Region 7"
"141","Lampung Utara","Lampung","Region 7"
"142","Lampung Selatan","Lampung","Region 7"
"143","Lampung Barat","Lampung","Region 7"
"144","Lampung Timur","Lampung","Region 7"
"145","Mesuji","Lampung","Region 7"
"146","Pesawaran","Lampung","Region 7"
"147","Pesisir Barat","Lampung","Region 7"
"148","Pringsewu","Lampung","Region 7"
"149","Tulang Bawang","Lampung","Region 7"
"150","Tulang Bawang Barat","Lampung","Region 7"
"151","Tanggamus","Lampung","Region 7"
"152","Way Kanan","Lampung","Region 7"
"153","Bandar Lampung","Lampung","Region 7"
"154","Metro","Lampung","Region 7"
"155","Lebak","Banten","Region 1"
"156","Pandeglang","Banten","Region 1"
"157","Serang","Banten","Region 1"
"158","Tangerang","Banten","Region 1"
"159","Cilegon","Banten","Region 1"
"160","Serang","Banten","Region 1"
"161","Tangerang","Banten","Region 1"
"162","Tangerang Selatan","Banten","Region 1"
"163","Bandung","Jawa Barat","Region 2"
"164","Bandung Barat","Jawa Barat","Region 2"
"165","Bekasi","Jawa Barat","Region 1"
"166","Bogor","Jawa Barat","Region 2"
"167","Ciamis","Jawa Barat","Region 2"
"168","Cianjur","Jawa Barat","Region 2"
"169","Cirebon","Jawa Barat","Region 2"
"170","Garut","Jawa Barat","Region 2"
"171","Indramayu","Jawa Barat","Region 2"
"172","Karawang","Jawa Barat","Region 2"
"173","Kuningan","Jawa Barat","Region 2"
"174","Majalengka","Jawa Barat","Region 2"
"175","Pangandaran","Jawa Barat","Region 2"
"176","Purwakarta","Jawa Barat","Region 2"
"177","Subang","Jawa Barat","Region 2"
"178","Sukabumi","Jawa Barat","Region 2"
"179","Sumedang","Jawa Barat","Region 2"
"180","Tasikmalaya","Jawa Barat","Region 2"
"181","Bandung","Jawa Barat","Region 2"
"182","Banjar","Jawa Barat","Region 2"
"184","Bogor","Jawa Barat","Region 1"
"185","Cimahi","Jawa Barat","Region 2"
"186","Cirebon","Jawa Barat","Region 2"
"187","Depok","Jawa Barat","Region 2"
"188","Sukabumi","Jawa Barat","Region 2"
"189","Tasikmalaya","Jawa Barat","Region 2"
"190","Banjarnegara","Jawa Tengah","Region 3"
"191","Banyumas","Jawa Tengah","Region 3"
"192","Batang","Jawa Tengah","Region 3"
"193","Blora","Jawa Tengah","Region 3"
"194","Boyolali","Jawa Tengah","Region 3"
"195","Brebes","Jawa Tengah","Region 3"
"196","Cilacap","Jawa Tengah","Region 3"
"197","Demak","Jawa Tengah","Region 3"
"198","Grobogan","Jawa Tengah","Region 3"
"199","Jepara","Jawa Tengah","Region 3"
"200","Karanganyar","Jawa Tengah","Region 3"
"201","Kebumen","Jawa Tengah","Region 3"
"202","Kendal","Jawa Tengah","Region 3"
"203","Klaten","Jawa Tengah","Region 3"
"204","Kudus","Jawa Tengah","Region 3"
"205","Magelang","Jawa Tengah","Region 3"
"206","Pati","Jawa Tengah","Region 3"
"207","Pekalongan","Jawa Tengah","Region 3"
"208","Pemalang","Jawa Tengah","Region 3"
"209","Purbalingga","Jawa Tengah","Region 3"
"210","Purworejo","Jawa Tengah","Region 3"
"211","Rembang","Jawa Tengah","Region 3"
"212","Semarang","Jawa Tengah","Region 3"
"213","Sragen","Jawa Tengah","Region 3"
"214","Sukoharjo","Jawa Tengah","Region 3"
"215","Tegal","Jawa Tengah","Region 3"
"216","Temanggung","Jawa Tengah","Region 3"
"217","Wonogiri","Jawa Tengah","Region 3"
"218","Wonosobo","Jawa Tengah","Region 3"
"219","Magelang","Jawa Tengah","Region 3"
"220","Pekalongan","Jawa Tengah","Region 3"
"221","Salatiga","Jawa Tengah","Region 3"
"222","Semarang","Jawa Tengah","Region 3"
"223","Surakarta","Jawa Tengah","Region 3"
"224","Tegal","Jawa Tengah","Region 3"
"225","Bangkalan","Jawa Timur","Region 4"
"226","Banyuwangi","Jawa Timur","Region 4"
"227","Blitar","Jawa Timur","Region 4"
"228","Bojonegoro","Jawa Timur","Region 4"
"229","Bondowoso","Jawa Timur","Region 4"
"230","Gresik","Jawa Timur","Region 4"
"231","Jember","Jawa Timur","Region 4"
"232","Jombang","Jawa Timur","Region 4"
"233","Kediri","Jawa Timur","Region 4"
"234","Lamongan","Jawa Timur","Region 4"
"235","Lumajang","Jawa Timur","Region 4"
"236","Madiun","Jawa Timur","Region 4"
"237","Magetan","Jawa Timur","Region 4"
"238","Malang","Jawa Timur","Region 4"
"239","Mojokerto","Jawa Timur","Region 4"
"240","Nganjuk","Jawa Timur","Region 4"
"241","Ngawi","Jawa Timur","Region 4"
"242","Pacitan","Jawa Timur","Region 4"
"243","Pamekasan","Jawa Timur","Region 4"
"244","Pasuruan","Jawa Timur","Region 4"
"245","Ponorogo","Jawa Timur","Region 4"
"246","Probolinggo","Jawa Timur","Region 4"
"247","Sampang","Jawa Timur","Region 4"
"248","Sidoarjo","Jawa Timur","Region 4"
"249","Situbondo","Jawa Timur","Region 4"
"250","Sumenep","Jawa Timur","Region 4"
"251","Trenggalek","Jawa Timur","Region 4"
"252","Tuban","Jawa Timur","Region 4"
"253","Tulungagung","Jawa Timur","Region 4"
"254","Batu","Jawa Timur","Region 4"
"255","Blitar","Jawa Timur","Region 4"
"256","Kediri","Jawa Timur","Region 4"
"257","Madiun","Jawa Timur","Region 4"
"258","Malang","Jawa Timur","Region 4"
"259","Mojokerto","Jawa Timur","Region 4"
"260","Pasuruan","Jawa Timur","Region 4"
"261","Probolinggo","Jawa Timur","Region 4"
"262","Surabaya","Jawa Timur","Region 4"
"263","Jakarta Barat","DKI Jakarta","Region 1"
"264","Jakarta Pusat","DKI Jakarta","Region 1"
"265","Jakarta Selatan","DKI Jakarta","Region 1"
"266","Jakarta Timur","DKI Jakarta","Region 1"
"267","Jakarta Utara","DKI Jakarta","Region 1"
"268","Kepulauan Seribu","DKI Jakarta","Region 1"
"269","Bantul","Yogyakarta","Region 3"
"270","Gunungkidul","Yogyakarta","Region 3"
"271","Kulon Progo","Yogyakarta","Region 3"
"272","Sleman","Yogyakarta","Region 3"
"273","Yogyakarta","Yogyakarta","Region 3"
"274","Badung","Bali","Region 4"
"275","Bangli","Bali","Region 4"
"276","Buleleng","Bali","Region 4"
"277","Gianyar","Bali","Region 4"
"278","Jembrana","Bali","Region 4"
"279","Karangasem","Bali","Region 4"
"280","Klungkung","Bali","Region 4"
"281","Tabanan","Bali","Region 4"
"282","Denpasar","Bali","Region 4"
"283","Bima","NTB","Region 4"
"284","Dompu","NTB","Region 4"
"285","Lombok Barat","NTB","Region 4"
"286","Lombok Tengah","NTB","Region 4"
"287","Lombok Timur","NTB","Region 4"
"288","Lombok Utara","NTB","Region 4"
"289","Sumbawa","NTB","Region 4"
"290","Sumbawa Barat","NTB","Region 4"
"291","Bima","NTB","Region 4"
"292","Mataram","NTB","Region 4"
"293","Alor","NTT","Region 4"
"294","Belu","NTT","Region 4"
"295","Ende","NTT","Region 4"
"296","Flores Timur","NTT","Region 4"
"297","Kupang","NTT","Region 4"
"298","Lembata","NTT","Region 4"
"299","Malaka","NTT","Region 4"
"300","Manggarai","NTT","Region 4"
"301","Manggarai Barat","NTT","Region 4"
"302","Manggarai Timur","NTT","Region 4"
"303","Ngada","NTT","Region 4"
"304","Nagekeo","NTT","Region 4"
"305","Rote Ndao","NTT","Region 4"
"306","Sabu Raijua","NTT","Region 4"
"307","Sikka","NTT","Region 4"
"308","Sumba Barat","NTT","Region 4"
"309","Sumba Barat Daya","NTT","Region 4"
"310","Sumba Tengah","NTT","Region 4"
"311","Sumba Timur","NTT","Region 4"
"312","Timor Tengah Selatan","NTT","Region 4"
"313","Timor Tengah Utara","NTT","Region 4"
"314","Kupang","NTT","Region 4"
"315","Bengkayang","Kalimantan Barat","Region 6"
"316","Kapuas Hulu","Kalimantan Barat","Region 6"
"317","Kayong Utara","Kalimantan Barat","Region 6"
"318","Ketapang","Kalimantan Barat","Region 6"
"319","Kubu Raya","Kalimantan Barat","Region 6"
"320","Landak","Kalimantan Barat","Region 6"
"321","Melawi","Kalimantan Barat","Region 6"
"322","Mempawah","Kalimantan Barat","Region 6"
"323","Sambas","Kalimantan Barat","Region 6"
"324","Sanggau","Kalimantan Barat","Region 6"
"325","Sekadau","Kalimantan Barat","Region 6"
"326","Sintang","Kalimantan Barat","Region 6"
"327","Pontianak","Kalimantan Barat","Region 6"
"328","Singkawang","Kalimantan Barat","Region 6"
"329","Balangan","Kalimantan Selatan","Region 6"
"330","Banjar","Kalimantan Selatan","Region 6"
"331","Barito Kuala","Kalimantan Selatan","Region 6"
"332","Hulu Sungai Selatan","Kalimantan Selatan","Region 6"
"333","Hulu Sungai Tengah","Kalimantan Selatan","Region 6"
"334","Hulu Sungai Utara","Kalimantan Selatan","Region 6"
"335","baru","Kalimantan Selatan","Region 6"
"336","Tabalong","Kalimantan Selatan","Region 6"
"337","Tanah Bumbu","Kalimantan Selatan","Region 6"
"338","Tanah Laut","Kalimantan Selatan","Region 6"
"339","Tapin","Kalimantan Selatan","Region 6"
"340","Banjarbaru","Kalimantan Selatan","Region 6"
"341","Banjarmasin","Kalimantan Selatan","Region 6"
"342","Barito Selatan","Kalimantan Tengah","Region 7"
"343","Barito Timur","Kalimantan Tengah","Region 7"
"344","Barito Utara","Kalimantan Tengah","Region 7"
"345","Gunung Mas","Kalimantan Tengah","Region 7"
"346","Kapuas","Kalimantan Tengah","Region 7"
"347","Katingan","Kalimantan Tengah","Region 7"
"348","waringin Barat","Kalimantan Tengah","Region 7"
"349","waringin Timur","Kalimantan Tengah","Region 7"
"350","Lamandau","Kalimantan Tengah","Region 7"
"351","Murung Raya","Kalimantan Tengah","Region 7"
"352","Pulang Pisau","Kalimantan Tengah","Region 7"
"353","Sukamara","Kalimantan Tengah","Region 7"
"354","Seruyan","Kalimantan Tengah","Region 7"
"355","Palangka Raya","Kalimantan Tengah","Region 7"
"356","Berau","Kalimantan Timur","Region 6"
"357","Kutai Barat","Kalimantan Timur","Region 6"
"358","Kutai Kartanegara","Kalimantan Timur","Region 6"
"359","Kutai Timur","Kalimantan Timur","Region 6"
"360","Mahakam Ulu","Kalimantan Timur","Region 6"
"361","Paser","Kalimantan Timur","Region 6"
"362","Penajam Paser Utara","Kalimantan Timur","Region 6"
"363","Balikpapan","Kalimantan Timur","Region 6"
"364","Bontang","Kalimantan Timur","Region 6"
"365","Samarinda","Kalimantan Timur","Region 6"
"366","Bulungan","Kalimantan Utara","Region 7"
"367","Malinau","Kalimantan Utara","Region 7"
"368","Nunukan","Kalimantan Utara","Region 7"
"369","Tana Tidung","Kalimantan Utara","Region 7"
"370","Tarakan","Kalimantan Utara","Region 7"
"371","Boalemo","Gorontalo","Region 5"
"372","Bone Bolango","Gorontalo","Region 5"
"373","Gorontalo","Gorontalo","Region 5"
"374","Gorontalo Utara","Gorontalo","Region 5"
"375","Pohuwato","Gorontalo","Region 5"
"376","Gorontalo","Gorontalo","Region 5"
"377","Bantaeng","Sulawesi Selatan","Region 5"
"378","Barru","Sulawesi Selatan","Region 5"
"379","Bone","Sulawesi Selatan","Region 5"
"380","Bulukumba","Sulawesi Selatan","Region 5"
"381","Enrekang","Sulawesi Selatan","Region 5"
"382","Gowa","Sulawesi Selatan","Region 5"
"383","Jeneponto","Sulawesi Selatan","Region 5"
"384","Kepulauan Selayar","Sulawesi Selatan","Region 5"
"385","Luwu","Sulawesi Selatan","Region 5"
"386","Luwu Timur","Sulawesi Selatan","Region 5"
"387","Luwu Utara","Sulawesi Selatan","Region 5"
"388","Maros","Sulawesi Selatan","Region 5"
"389","Pangkajene dan Kepulauan","Sulawesi Selatan","Region 5"
"390","Pinrang","Sulawesi Selatan","Region 5"
"391","Sidenreng Rappang","Sulawesi Selatan","Region 5"
"392","Sinjai","Sulawesi Selatan","Region 5"
"393","Soppeng","Sulawesi Selatan","Region 5"
"394","Takalar","Sulawesi Selatan","Region 5"
"395","Tana Toraja","Sulawesi Selatan","Region 5"
"396","Toraja Utara","Sulawesi Selatan","Region 5"
"397","Wajo","Sulawesi Selatan","Region 5"
"398","Makassar","Sulawesi Selatan","Region 5"
"399","Palopo","Sulawesi Selatan","Region 5"
"400","Parepare","Sulawesi Selatan","Region 5"
"401","Bombana","Sulawesi Tenggara","Region 5"
"402","Buton","Sulawesi Tenggara","Region 5"
"403","Buton Selatan","Sulawesi Tenggara","Region 5"
"404","Buton Tengah","Sulawesi Tenggara","Region 5"
"405","Buton Utara","Sulawesi Tenggara","Region 5"
"406","Kolaka","Sulawesi Tenggara","Region 5"
"407","Kolaka Timur","Sulawesi Tenggara","Region 5"
"408","Kolaka Utara","Sulawesi Tenggara","Region 5"
"409","Konawe","Sulawesi Tenggara","Region 5"
"410","Konawe Kepulauan","Sulawesi Tenggara","Region 5"
"411","Konawe Selatan","Sulawesi Tenggara","Region 5"
"412","Konawe Utara","Sulawesi Tenggara","Region 5"
"413","Muna","Sulawesi Tenggara","Region 5"
"414","Muna Barat","Sulawesi Tenggara","Region 5"
"415","Wakatobi","Sulawesi Tenggara","Region 5"
"416","Bau-Bau","Sulawesi Tenggara","Region 5"
"417","Kendari","Sulawesi Tenggara","Region 5"
"418","Banggai","Sulawesi Tengah","Region 5"
"419","Banggai Kepulauan","Sulawesi Tengah","Region 5"
"420","Banggai Laut","Sulawesi Tengah","Region 5"
"421","Buol","Sulawesi Tengah","Region 5"
"422","Donggala","Sulawesi Tengah","Region 5"
"423","Morowali","Sulawesi Tengah","Region 5"
"424","Morowali Utara","Sulawesi Tengah","Region 5"
"425","Parigi Moutong","Sulawesi Tengah","Region 5"
"426","Poso","Sulawesi Tengah","Region 5"
"427","Sigi","Sulawesi Tengah","Region 5"
"428","Tojo Una-Una","Sulawesi Tengah","Region 5"
"429","Toli-Toli","Sulawesi Tengah","Region 5"
"430","Palu","Sulawesi Tengah","Region 5"
"431","Bolaang Mongondow","Sulawesi Utara","Region 5"
"432","Bolaang Mongondow Selatan","Sulawesi Utara","Region 5"
"433","Bolaang Mongondow Timur","Sulawesi Utara","Region 5"
"434","Bolaang Mongondow Utara","Sulawesi Utara","Region 5"
"435","Kepulauan Sangihe","Sulawesi Utara","Region 5"
"436","Kepulauan Siau Tagulandang Biaro","Sulawesi Utara","Region 5"
"437","Kepulauan Talaud","Sulawesi Utara","Region 5"
"438","Minahasa","Sulawesi Utara","Region 5"
"439","Minahasa Selatan","Sulawesi Utara","Region 5"
"440","Minahasa Tenggara","Sulawesi Utara","Region 5"
"441","Minahasa Utara","Sulawesi Utara","Region 5"
"442","Bitung","Sulawesi Utara","Region 5"
"443","mobagu","Sulawesi Utara","Region 5"
"444","Manado","Sulawesi Utara","Region 5"
"445","Tomohon","Sulawesi Utara","Region 5"
"446","Majene","Sulawesi Barat","Region 5"
"447","Mamasa","Sulawesi Barat","Region 5"
"448","Mamuju","Sulawesi Barat","Region 5"
"449","Mamuju Tengah","Sulawesi Barat","Region 5"
"450","Mamuju Utara","Sulawesi Barat","Region 5"
"451","Polewali Mandar","Sulawesi Barat","Region 5"
"452","Mamuju","Sulawesi Barat","Region 5"
"453","Buru","Maluku","Region 5"
"454","Buru Selatan","Maluku","Region 5"
"455","Kepulauan Aru","Maluku","Region 5"
"456","Maluku Barat Daya","Maluku","Region 5"
"457","Maluku Tengah","Maluku","Region 5"
"458","Maluku Tenggara","Maluku","Region 5"
"459","Maluku Tenggara Barat","Maluku","Region 5"
"460","Seram Bagian Barat","Maluku","Region 5"
"461","Seram Bagian Timur","Maluku","Region 5"
"462","Ambon","Maluku","Region 5"
"463","Tual","Maluku","Region 5"
"464","Halmahera Barat","Maluku Utara","Region 5"
"465","Halmahera Tengah","Maluku Utara","Region 5"
"466","Halmahera Utara","Maluku Utara","Region 5"
"467","Halmahera Selatan","Maluku Utara","Region 5"
"468","Kepulauan Sula","Maluku Utara","Region 5"
"469","Halmahera Timur","Maluku Utara","Region 5"
"470","Pulau Morotai","Maluku Utara","Region 5"
"471","Pulau Taliabu","Maluku Utara","Region 5"
"472","Ternate","Maluku Utara","Region 5"
"473","Tidore Kepulauan","Maluku Utara","Region 5"
"474","Asmat","Papua","Region 5"
"475","Biak Numfor","Papua","Region 5"
"476","Boven Digoel","Papua","Region 5"
"477","Deiyai","Papua","Region 5"
"478","Dogiyai","Papua","Region 5"
"479","Intan Jaya","Papua","Region 5"
"480","Jayapura","Papua","Region 5"
"481","Jayawijaya","Papua","Region 5"
"482","Keerom","Papua","Region 5"
"483","Kepulauan Yapen","Papua","Region 5"
"484","Lanny Jaya","Papua","Region 5"
"485","Mamberamo Raya","Papua","Region 5"
"486","Mamberamo Tengah","Papua","Region 5"
"487","Mappi","Papua","Region 5"
"488","Merauke","Papua","Region 5"
"489","Mimika","Papua","Region 5"
"490","Nabire","Papua","Region 5"
"491","Nduga","Papua","Region 5"
"492","Paniai","Papua","Region 5"
"493","Pegunungan Bintang","Papua","Region 5"
"494","Puncak","Papua","Region 5"
"495","Puncak Jaya","Papua","Region 5"
"496","Sarmi","Papua","Region 5"
"497","Supiori","Papua","Region 5"
"498","Tolikara","Papua","Region 5"
"499","Waropen","Papua","Region 5"
"500","Yahukimo","Papua","Region 5"
"501","Yalimo","Papua","Region 5"
"502","Jayapura","Papua","Region 5"
"503","Fakfak","Papua Barat","Region 5"
"504","Kaimana","Papua Barat","Region 5"
"505","Manokwari","Papua Barat","Region 5"
"506","Manokwari Selatan","Papua Barat","Region 5"
"507","Maybrat","Papua Barat","Region 5"
"508","Pegunungan Arfak","Papua Barat","Region 5"
"509","Raja Ampat","Papua Barat","Region 5"
"510","Sorong","Papua Barat","Region 5"
"511","Sorong Selatan","Papua Barat","Region 5"
"512","Tambrauw","Papua Barat","Region 5"
"513","Teluk Bintuni","Papua Barat","Region 5"
"514","Teluk Wondama","Papua Barat","Region 5"
